{"cameraMode":{"drawMode":0,"name":"Shaded","section":"Shading Mode"},"sceneLighting":false,"audioPlay":false,"sceneViewState":{"m_AlwaysRefresh":false,"showFog":true,"showSkybox":false,"showFlares":true,"showImageEffects":true,"showParticleSystems":true,"showVisualEffectGraphs":true,"m_FxEnabled":true},"in2DMode":false,"pivot":{"x":0.6111071109771729,"y":3.343097448348999,"z":-2.760624408721924},"rotation":{"x":-0.43922924995422366,"y":-0.015630492940545083,"z":0.00765174301341176,"w":-0.8982182741165161},"size":0.8660253882408142,"orthographic":false}